{"cameraMode":{"drawMode":0,"name":"Shaded","section":"Shading Mode"},"sceneLighting":false,"audioPlay":false,"sceneViewState":{"m_AlwaysRefresh":false,"showFog":true,"showSkybox":true,"showFlares":true,"showImageEffects":true,"showParticleSystems":true,"showVisualEffectGraphs":true,"m_FxEnabled":true},"in2DMode":false,"pivot":{"x":14.247217178344727,"y":4.764138221740723,"z":14.109304428100586},"rotation":{"x":-0.2196749895811081,"y":0.14354869723320008,"z":-0.03270148113369942,"w":-0.9644764065742493},"size":1.3752151727676392,"orthographic":false}