{"cameraMode":{"drawMode":0,"name":"Shaded","section":"Shading Mode"},"sceneLighting":false,"audioPlay":false,"sceneViewState":{"m_AlwaysRefresh":false,"showFog":true,"showSkybox":false,"showFlares":true,"showImageEffects":true,"showParticleSystems":true,"showVisualEffectGraphs":true,"m_FxEnabled":true},"in2DMode":false,"pivot":{"x":-7.673718452453613,"y":0.6610694527626038,"z":-13.248907089233399},"rotation":{"x":-0.6907339692115784,"y":-0.0004099634534213692,"z":-0.00025555017055012286,"w":0.7232372760772705},"size":10.6697359085083,"orthographic":true}