{"cameraMode":{"drawMode":0,"name":"Shaded","section":"Shading Mode"},"sceneLighting":false,"audioPlay":false,"sceneViewState":{"m_AlwaysRefresh":false,"showFog":true,"showSkybox":false,"showFlares":true,"showImageEffects":true,"showParticleSystems":true,"showVisualEffectGraphs":true,"m_FxEnabled":true},"in2DMode":false,"pivot":{"x":367.6714172363281,"y":1547.343017578125,"z":32.854949951171878},"rotation":{"x":-0.23336966335773469,"y":0.05757911130785942,"z":-0.013852720148861409,"w":-0.9706587195396423},"size":471.9850769042969,"orthographic":false}